uid,rtcc_requested
006ce7f5725ad54e0f3e50947ecb5b3a,0.001694645977863687
0094918b891c2bc5b29de2ccab14e618,0.0020653497855213686
00dc7fa677d54217b1277556ca9598c3,0.0009532383625483239
01214016f0b7f0fb22570872b3e2d539,0.0014298575438224858
01b193c51d37977d06302139eba9a2e1,0.00010591537361648044
01e1e30a82b396b80d074e2c5107d3d9,0.0008473229889318435
01e232e64b669411160fd004b51aac29,0.0007943653021236033
0236ef640a10bee213cc3dcf14ce8f2c,0.0010591537361648044
029ed3f21fe5465be4fd7522aeb02eb0,0.0015357729174389663
02e4ec4b26662357a7ebf459b0da49ed,0.0012709844833977651
02f01535938bf86cb650d0a615d19022,5.295768680824022e-05
031cc752af3b6bc33c0a8026defce80b,0.0008473229889318435
033437abfe9b0764b25c8032d73b0bb3,0.00042366149446592175
0380d3c4f1c4540503f5f30f30dd5765,0.00010591537361648044
03a2586d5c212d577a82f00bb7d61061,0.0013768998570142456
03a5f32aca57071db51f3e2bcdf3e7f1,0.0012709844833977651
03ae6ba9980204284498d6d6ee561468,5.295768680824022e-05
03dbb8bf9e0521cae7a619ad774d8c0c,0.00015887306042472064
03ecb42900acfefe2e7e1073af7cc836,0.00021183074723296087
040188940b58fd250eb13a27a15d920d,5.295768680824022e-05
0419e1335a19ab12aa4e3dfc9195e2bc,0.0009532383625483239
04360a881471db969b8773037f67b808,0.0030715458348779326
04a67b0d1db8cc205c045096c322903a,0.0025419689667955303
04a83489ebe48f055c959707624b9151,0.0012709844833977651
056b6ae64f9310a7cea20bd6f37d8a55,5.295768680824022e-05
060a8f0031b0cfd693a9c69a1393e719,0.00010591537361648044
065015748fb94656e8e0bfeffca985dd,5.295768680824022e-05
06716fc580209b2fd3bd7d512c7b74b5,0.0002647884340412011
0694f0abdba9b2342324968a229489b0,0.0009532383625483239
06ba6f3540f816b5b35f5eb2a9034910,0.0008473229889318435
0710ff34691bad59bdee10c9a8894b15,5.295768680824022e-05
0764efbe699364ea6e15c12bc1df99ea,0.005189853307207541
07770cba9dcb255d3b38e326251fdf8b,0.0017476036646719272
07803bcb502349c7fc5d349483bd55a4,5.295768680824022e-05
07d5f71ab8a3839fb89cd84a2c6964a6,0.00015887306042472064
07dc005a0d3498295bc1ff2bf13e0b7c,0.0003707038076576815
083ce272173092ce005645e2aac3c5a8,0.0003177461208494413
08c1d53a5cdf24190defc58fbc4a8c50,0.002224222845946089
08f95291dbecd4093b7e87021e813f6d,0.0011121114229730444
098c37fa813b2890f267b85881444481,0.0002647884340412011
09d6453d24a4369831845ac319e7452f,0.0010591537361648044
0a4d5b2ebb6af33145abc893d7074693,0.00021183074723296087
0ab2aef4ecafe099386d2f3fc4c9a3bb,0.0007943653021236033
0ac0e7bb2d1d9c0c1f49db93d00b5a86,5.295768680824022e-05
0ad90fd9faecdfb42a5fb318a161ed7d,0.0013239421702060054
0b1776c270e7745d44eefe706497be81,5.295768680824022e-05
0b1cf3feb27724c837201d22bd10d153,0.0015887306042472065
0b2c8f32f0a923afdd6a185aa76f4751,0.0008473229889318435
0b4ed6c47c09fe423334d6162b7e8206,0.0030185881480696924
0b67731b9c84d2f59b0cb3556819cd61,5.295768680824022e-05
0ba92ea83169755047abd2970b812e0f,0.00021183074723296087
0bd0863f10af4cdd758d4c0ee8c19acc,0.0030185881480696924
0be7542c39fb4f91bdc334e273724f7b,0.00015887306042472064
0bf52e74dc15b0cd839f5b2e1e54dacd,0.0007943653021236033
0bf83bca6db347bc556a7cf5ec9af94c,0.002118307472329609
0ca567cff9c037ecf830506c03c6755c,0.00021183074723296087
0cd0a0fdb66576df7e5c2a40718ed5c6,0.0005825345548906423
0ce978802e8feeaaab060602796a2df9,0.0003707038076576815
0db0dbb14b43e72e4c7fc3fd201b95f8,0.0021712651591378486
0dcf653f67086710da4e3ebde1a31dca,0.0007943653021236033
0e059c63f305c4f2d5d28705b0bc41ed,0.0020653497855213686
0f2551815a27e4673fff0fdc85793018,0.0006884499285071228
0f6945a33768486335a4ae50c8fac3b3,0.0014298575438224858
0f7e312f58f579aa5ddb15d5ebc41c29,0.0006354922416988826
0fb2a72420ba61b5c26da233ad7f5504,5.295768680824022e-05
0fd918953bcf405370b42851d73035a1,0.0042895726314674575
10109b2cfb8f6cea98d27f9d576ceb36,5.295768680824022e-05
102c51a42bbee9521891fb287daebdf3,0.0002647884340412011
10436488666482e044e8c680edfbdec5,0.0007943653021236033
10ae80e33f9caef21bf13927bedc0f9e,5.295768680824022e-05
10b030abc366e5d4dad1a47d1f51d909,0.00021183074723296087
10ba76a981d1668ba1824f74fa699310,0.0009532383625483239
1118a428cb18bcb11835a7a1b9779050,0.0011121114229730444
113fdb0734818b0a2c2defb44a22da28,0.0006884499285071228
114f1e5598de5f45cb08e67bc184e4c3,0.0011121114229730444
1162509b13dd941c1879866ef99d59b3,0.000741407615315363
1172332f3df2ee408e6a7c3067803da8,0.0002647884340412011
11f1a81fe7203ba4e53dedb66856bb64,0.0011650691097812847
1203fc12497195b0f74bd28b9ba36e76,0.0005825345548906423
126253a80ca83c2620f7d2a6455013a9,0.00015887306042472064
128a44eff43c709393ac356ecb1d7064,0.00015887306042472064
1322d22d2da9cc34e44c501edc3315e0,0.0004766191812741619
13310fc4e823f5508bd807cfd88a7c00,5.295768680824022e-05
1392af5fe4d9f5f9766157e2c7871d65,0.0002647884340412011
13d5ef70954980f90f0d5ca75c1fee3a,0.001482815230630726
1401ca5457880e3fe66c27e9db86c834,5.295768680824022e-05
1451ce36035cee55a6faea55d2622dec,0.004236614944659218
146785c09c39f420bd8f8237d8fb59db,0.0012709844833977651
146e167efb7a3acc83eeeff513ccfa5f,0.0005295768680824022
14758fd4f4710b0952ef7330c9d27057,0.0005295768680824022
14b8b33c301f5580041a965e27d1c2e6,0.0026478843404120107
14bd19f63acfbe4256fc738e053f04f6,5.295768680824022e-05
14f1b040ad4b9921e3a8faaaf71fba96,0.00042366149446592175
153212a8a188222b450d86a0681b8667,0.00021183074723296087
159dc4f15c32e5096ed100e027d9a1cd,0.0009532383625483239
15ba22dd8e69bba9af304e2ba19d0e99,0.0006354922416988826
16714eda74a85116116034b9dff1dab8,0.00010591537361648044
169db63ac2d114b01cd4b3064abacc0a,5.295768680824022e-05
16a7ddb5ecb8a70356d752846f9d6c3d,0.0003707038076576815
1745c244d8de326585bdfbc165b869c9,0.0017476036646719272
17bbe7f19ea5712c82610c6fd808add3,0.0003707038076576815
17bf22f44a91dcfd2f8aba76194ee55a,0.00010591537361648044
17d78743d447c70d940e9924fd976f54,0.0006354922416988826
182bf4e898ef802192985d5cf5b60522,0.00015887306042472064
184b8b53e82529e6b17fea38d6ebe158,0.00010591537361648044
186ce3fa8e4602abf379c9da1bb8b718,0.0011650691097812847
18cee54eda8b3c3805fb0e7aafbd1d5e,0.0007943653021236033
19acfd6c0fd382a614554d7cbccfe83b,0.00015887306042472064
1a047a28dac77943f4d198a234df67fc,0.0003177461208494413
1a3585b51cee87dadd903cc87ec9ac36,0.0008473229889318435
1a6eadc8adf447fbece6649678fc4f5e,0.003389291955727374
1a84c9710549ccfe5f1deef5953d82f9,0.00042366149446592175
1aa35860e8bdacf8248a33cb8c8248bd,0.0025419689667955303
1ac92e029d159967d9a62ddee9a11dff,5.295768680824022e-05
1b126cd46820924e5a7c521fe09b09d7,0.00021183074723296087
1b6445f290b633f188eca3db0b32757b,0.00010591537361648044
1b796859742f1ca2974f1bf8f94a4f2b,0.0036540803897685747
1bffa923532415653d8952a0c40eaedb,0.00015887306042472064
1c3bda80ab7483360070c7ffc897019a,0.0004766191812741619
1cb24048dc4d6dedc53eda74c5856701,0.0006884499285071228
1d69b3b6fb7e252ec87086d5f3266ae8,0.0006354922416988826
1e2562febd691e4f7b766d6c2a7082ee,0.0010591537361648044
1e2fa6d3155a9a2079993c17106690be,0.0013239421702060054
1e325376cd6b6bf567343df8f869e8cf,0.00021183074723296087
1e431c5b2be4c1e840115fae1ea0560b,0.00042366149446592175
1e5fa66eff94c8b132ca9d88e4ad5eb3,0.0010591537361648044
1e627908dda6e4daf06d731626847c08,0.0006354922416988826
1ee3d7dda00967cee9b3eb26ccd9f505,0.0020123920987131284
1fd48ff6fe6f7de06ae90b9f23019bcd,0.00010591537361648044
1fda84611ba3addc998646df72810310,0.002965630461261452
20339e7fd58d4c599f066a7e4b7ec549,0.00010591537361648044
20ccfa74a121e359656ff7dc58647fca,0.0005825345548906423
20d0b6e4c2000ac55553c95fc727de07,0.00021183074723296087
20e9a10dfe4e5007a624106d4dc040d0,0.0009002806757400836
20f9c0ebc50c5dc8bb52c7090626fb7a,0.0004766191812741619
21005dd21484d53546d325b78114fbab,0.0009532383625483239
2122cc0c8c5533681b9a08e94c2c452b,0.002753799714028491
212fd8d748d207c39139d0569b1c256c,0.00015887306042472064
214fc9beb3e551a2cf2542b617e3b732,0.002753799714028491
219e65645f24df349fd8c96741d88ebc,0.00042366149446592175
21bc5868c987722c09f0ec3977272bb4,5.295768680824022e-05
21c453591516f8160414d3b0c0b76034,0.00015887306042472064
21e0a2a78e95008e22a3fedf8e441efb,0.0013768998570142456
224a3f6ae662c535cb3347f8ddd73cd5,0.00021183074723296087
22668460d00a66ea76785054f8ec1af7,0.0006354922416988826
227b535bacaf414ab775197e6ddd61c3,0.0020123920987131284
23472ff9f5d551fab2ca775e700e1495,0.00010591537361648044
239b7df0c29f9a1d5201747f3ea34278,0.0007943653021236033
23bb4fb2f8f37d2883ca968b7dd5bbcf,0.0011121114229730444
2410476014409e1fd8dcf887eb46b77e,0.0010591537361648044
241d9fedc5d155c8e47e4692ab7aa300,0.001959434411904888
245da7fcd563b6d6b5c95574f0a5a10d,0.0010591537361648044
24b0c7e4ac8abbec8aff154fe8bef411,0.000741407615315363
24c6fb3823878a63a3a7ec7a14db462e,0.0020123920987131284
24c9806e83573d6cbf752c92a23507fa,0.0002647884340412011
24ca721c39f8a38350ab392061d4c88d,0.0006884499285071228
24f766581fb5de6f336a14b36f3a7f30,5.295768680824022e-05
256c70e8c3277a2fc67d9ea48b4ee3cd,0.000741407615315363
256cf710c7d8ce3334e1594ce888c790,0.00248901127998729
25a512f2265ebe5600d9d716af6e1ac5,0.0003707038076576815
25fb336013cdd66cf9035d01f4d901b3,0.0012709844833977651
260dee6095261a008d807d0bc3a62327,0.00015887306042472064
2664928945a1d9e0a580ad90d1618c52,0.0003177461208494413
26711bffd1b1639ec8a4b4c5c45d1f46,0.000741407615315363
267a9793dc1889cc8fabbb250360e46e,0.0003707038076576815
2695a43d0e042b75e55ac487007eb74e,0.0011121114229730444
26d1f13b6b0e2a7bb7f4bcd7e4b437e6,0.00021183074723296087
26ecebe8d2059485945039e7a3134a3f,0.00021183074723296087
2708009ee9a7c9c354c26b40e02ab0ea,5.295768680824022e-05
27770b626515a71e0059da494c417154,0.0013239421702060054
27949509f63258c643a205c645f5fa4b,5.295768680824022e-05
27b66deebf81a2460e5d8c528d852b58,0.001218026796589525
28171586e6d7f52e01faab022a75ff92,0.001218026796589525
28343c68fe1fb0ea5e1599d7dc434a81,0.004554361065508658
28842ec716344fbbf59409c947474901,0.0012709844833977651
289ced59a6d375d6d55629f453a18cd4,0.0006354922416988826
2919b034c5c5024c90d8a4fb95325777,0.0005295768680824022
292e19fbeaae80f06118f1e4db4466a9,5.295768680824022e-05
298808f1af20d591602be3d071f64672,0.004130699571042737
29ce0bbe5d1a58049f50d05335da8da2,0.00010591537361648044
29f98edd9908e30a3cdcc6cac36b41e1,0.00010591537361648044
2a24572c41ced6d46613b74402d8965b,0.00010591537361648044
2a3df1d9351ee1f28feadfbe3b4108a5,0.0011650691097812847
2a6a740e3ccd41e852714cde000c0460,0.0005825345548906423
2a6d5ad19555176bfdc9e142f6ccd47a,0.0002647884340412011
2a8df9cecba714f7deef432b558be626,5.295768680824022e-05
2ad879caff05957ef76a0ed30c8b56af,0.0016416882910554468
2ae774061539b97a3a596b8524c5be89,0.0011121114229730444
2b991d534c6ad50828ba5afb22ad7592,5.295768680824022e-05
2bdd9dcc2f53adbe98f0253e5acda554,5.295768680824022e-05
2bf322379ed432325f8ed6111e3fb1d7,0.0003707038076576815
2c0fe496976815cae17c74661e466225,0.00042366149446592175
2c122137fe1a5d31834e6646bdae9e53,0.0032304188953026533
2c829d0a2e62af09bbdaae91b43f31e2,0.0009532383625483239
2cca7fc9cffe8a3b1bb46a50b85a2c5c,0.00042366149446592175
2d170f0ba5a8ff52fa5fddf074b39a8c,0.0003177461208494413
2d202a07b872de6ff02e06e33004a719,0.0017476036646719272
2d2db3b07bc6df686d2fc46743e13617,0.0002647884340412011
2d3a8d313e267c5d03019e01ef2ae896,0.0003707038076576815
2d3c20a690f4e2c7a22a256fab79c887,0.0010591537361648044
2d430d5918f53d6216f87614beff9ec9,0.0009532383625483239
2d74ab4c1cee262f4aee0a452bb88e54,0.0008473229889318435
2de612910c8fe692a4150b495e32c5e4,5.295768680824022e-05
2e0a444db1ab0a801a5dadd944e316a3,0.0019064767250966477
2e76aaed5fafea6d516081b130dbfeee,0.0011650691097812847
2eb8ddbf18a91ede83c611c5ac8e6baf,5.295768680824022e-05
2ef815e99b847419f72f3ab2f4c1d36b,0.001218026796589525
2efe0cb43a29eb482ad8b71c1f6f6598,5.295768680824022e-05
2f0095678935ce517b546984463af447,0.0019064767250966477
2f26ae6c764698739ab8e5c5c8bff1b6,0.0006354922416988826
2f64c8a8fc9e0c398eb77be9bbf18b3d,5.295768680824022e-05
2fab1449cd7c6ee36e3546daa0cabf3e,0.00042366149446592175
2fd8d61bb52841b033cf2c1ef2210cfd,0.0005295768680824022
3047a23b4b1069d02e93b09135054ed6,0.00042366149446592175
305fd354fc69dca9762e58266a229325,0.002753799714028491
3061c76b435ac557456e24e5bd430148,0.0007943653021236033
306ce4ee771d9598f5d26a7e56c5aeaf,0.00015887306042472064
30840eba572c193302ea8f3d2325db15,0.0006354922416988826
30a463577e88c14f2822a33459da10a0,0.0023301382195625693
30c1f23bdf3e5e7954399374380a73df,0.0003707038076576815
30c419ce364f6880fbebde278bf10380,5.295768680824022e-05
30ea197aaac296f4739fe59f055b443f,5.295768680824022e-05
31236c7baf41c9be604a0b3c1e15b4d6,0.0006354922416988826
3151beab2292d4dee3da94cd12909456,0.0035481650161520947
316ce73f961b5cfa0f023af7ad1bb3ac,0.0040777418842344966
3170e6799a2c49b2fa101abee9a0ccff,5.295768680824022e-05
317b0f011cf7e7e639cd80cdd2863855,0.00015887306042472064
31821de6e2b65b3e232c727c0bd14098,0.0013768998570142456
31934d5a309315f6a7916e522c6001d2,0.0013239421702060054
323a836e2de5511b6ccd8867069d1be5,5.295768680824022e-05
323e252ddc77d5274ab7a4ea2ca47cac,5.295768680824022e-05
32ad5c833aa8631cabdb0f61df6fb019,0.0009532383625483239
32c5967f611b1944c848aa45edc8779b,0.0003177461208494413
32c652c1c245328a7ba4f7d44d3f6647,5.295768680824022e-05
32cdc58f5491769d68d2250752f7c71f,0.0015887306042472065
32d6f05fa61394c421565b0d2f800dce,0.0002647884340412011
32e419e559123f6aef9189d4b22cbda4,0.0007943653021236033
33050458d4a49a9c50855d89099b2530,0.0002647884340412011
339a96d991a41d6ae11cb57990425e91,5.295768680824022e-05
34409eef55c26979a0085305698496a1,0.0014298575438224858
34c2c44c2ad7f5855eb104817ce55e68,0.0008473229889318435
34e669eb0d0fb341afbb1e412d27cafd,0.0015887306042472065
3505495bbedaf30eb4390af31bf0104f,0.006460837790605307
350ab0a82000b9a1e602a9fd0d168268,5.295768680824022e-05
356fe917240458161cfea3cef4e6e078,0.0003707038076576815
35b90dad493f819a771cf7399b4d6820,5.295768680824022e-05
35f23ed16e1c11c2ef65505e56b7a2b0,0.001482815230630726
3629530c6e5f6443a0c2c85cbaedf497,0.002118307472329609
36543a723b8d73109978fcaa501276ab,0.0006354922416988826
366f517241a7a0538e2a5d6988d8b2e3,0.00010591537361648044
368f77066dced14fcefe2438c0c6b532,0.002700842027220251
3705379e2899ae3eab449f0f7269d830,0.0013239421702060054
373585b318025bb2387701873a235951,0.00015887306042472064
3748477a4db184d28beb75e4b7f92c21,0.0005825345548906423
379e55957b6390f1dfabfe51773a5720,0.0010061960493565642
37b850c531cdec3716c825e34c03bf33,0.0004766191812741619
37e0af77e2fc8badfd01b68736c9b2a7,0.00015887306042472064
37f5644b156782434ff812a4a4f62442,0.0015357729174389663
3802d2ae4047a81fc8b5a62726945f21,0.0020653497855213686
380d7ddf7b132d47c4d7876a02813705,5.295768680824022e-05
385ed315207a045b3e8f9b49dbd1bb23,5.295768680824022e-05
38ff76be377c3e006f7c803838810e6d,0.0019064767250966477
39459bc5c21849174f792e6f696baa45,0.00021183074723296087
3975feb485faad4185d470c6f6596462,0.002753799714028491
39a30dba8a4b4d3c416f0674cf8e3ffc,0.00010591537361648044
39bf73cdf7362f1e171b578236093123,0.0013239421702060054
39e2ea123faacf1b6bc820f208b94519,5.295768680824022e-05
3a5bea4bd84465f56794c31c1e3556bf,5.295768680824022e-05
3a7ee3d2b893cd17562b149b959f54ea,0.002753799714028491
3a83556a0982fe974f893ab030e6aab4,0.0009532383625483239
3ad81fd296ecfbcf0926f75d4fb53680,0.0002647884340412011
3b14cef26dd660b2404c6ed22056ff93,0.00015887306042472064
3b7a93e25556b8a8b76a76f273b8a5ef,0.00010591537361648044
3ba0d4d2441667ea3db07ccb41dc7bf5,5.295768680824022e-05
3ba9d1a81be9d33b28420b18a6b145ab,0.0004766191812741619
3bcc5e67a8664106b3fca6c5214ac321,0.0003707038076576815
3be524526e9ab9771031c1eaacf271a1,0.0003177461208494413
3c0118b0cee6c5bd62cd9e8ece359f59,0.0007943653021236033
3cbbf38ec67a4d51768cacbaeacf7990,0.00010591537361648044
3d20fc9dab55340a2e214977e9bbfac2,5.295768680824022e-05
3d53f942701129aa4c575973005c8348,0.0016416882910554468
3d983967c47c5122651c02f276d367a8,0.0006354922416988826
3db08aead9cc5ce600b02b7bedbc995b,5.295768680824022e-05
3dec1e80d64d678e6d3b2360a6cec5d8,5.295768680824022e-05
3df0ebc6d18b5d5caa0d4ab90e346bd4,0.0025419689667955303
3e1f2c7c0e028f73fc2fa79af4706347,0.00015887306042472064
3e2841a47d06e5a02cd39d8259c55a3a,0.0009002806757400836
3e36baf29d012aaa856dd542f6c2417e,0.0011650691097812847
3e72d394e1143a6a0c5920bc4c4ab651,0.0006354922416988826
3e90fcca4885c14e7581cef09bc1b59b,0.00010591537361648044
3ea9938d729f9d14d005cd0cde3ded10,5.295768680824022e-05
3ec303c590635808c3a71167944889f7,5.295768680824022e-05
3ed126da222a1d7d0203e2d0b175e206,0.00042366149446592175
3ed99db10f50c0f09de933e2a3568b07,0.001694645977863687
3ef8cb1afc93913b10bbf7db489c0d28,0.00010591537361648044
3ef92dcb6b7434686bce9437d630389f,0.0006884499285071228
3f10efd1b5d8fd7417dd7f3e3e81acd5,5.295768680824022e-05
3f2116e22416c06fc6f8cf793103d795,5.295768680824022e-05
400c54cce5bb51e33283e64e55b29c98,0.000741407615315363
40310eec55829782c54f8fcaf332dc17,0.0028067574008367314
4049e5c33974dd21cf1d3284f9168b9e,0.00015887306042472064
40d5032d1ca266e993c84fa348e5e6ca,0.00010591537361648044
40f61ee55d3b278d5efc7383ec3a1b96,0.000741407615315363
41a04134c9fd14746d99827f971b25a7,5.295768680824022e-05
41b4223b61ecf5ebb270686ce1cc1257,0.00015887306042472064
41e256cc2feed07250706daf5ec836b4,0.0006354922416988826
41f88a5569033076ae2f6b5e09d0f992,0.0003177461208494413
42c22a693e806cc3f2c70f74663528a6,0.0011650691097812847
433d815fa08f1bb0baecb6ac0d247337,0.0002647884340412011
434b621243d937ef55512025f0d58db1,0.0009002806757400836
437c1ce4b9d865338657e296deded688,0.00042366149446592175
43f86835450126a0f19f9438dba74833,5.295768680824022e-05
4421821c2f7aecef467c35dfd8ff1f2f,0.0009002806757400836
4459a30eb247ce438ef6959db2c07254,0.00015887306042472064
44e269b37bc5a458fb04fee83b2edeb9,5.295768680824022e-05
4509a4445824b3d8f7fc03298dfff618,0.001694645977863687
45354a8f6c287e6810d61175dd3f3d34,0.0005825345548906423
4582a47e172304fad132501141e3b2ab,0.00010591537361648044
45940053977b872ab5d0671b1e3aeca6,0.00042366149446592175
45d2e78846080520f5383f4aa5fe5b43,0.0011650691097812847
45e4252630c0807158674f73022cf5ee,5.295768680824022e-05
45febdde2fcbdca1c71eb5c39d45d754,0.0005295768680824022
4660a09af93e1504f5fdda2e7c5eb718,0.0010591537361648044
46f9270f572899f2d317d15aad878e78,0.0006354922416988826
47099ffdaa7843c73a493298b8eb83d8,0.00010591537361648044
47258de9b8714924e5d7f1bf9522c3e6,0.0009532383625483239
481cde30317a78da5f9066155342d288,0.00021183074723296087
482099dbc2bacdc444b351e76f282093,0.00042366149446592175
48453d847099c4e4c3cfb9e47707f2f8,0.00010591537361648044
48877ff547eda87736feb1c43984adc4,0.0019064767250966477
49029ddeecfd29c0d7a67a0f530cef56,0.00015887306042472064
4953573015d6161ca61513a373970d0f,0.0012709844833977651
4965dd2847f92c5b1d87357714b87e7f,0.00010591537361648044
49734f4fc956b249381a02f3edfde62d,5.295768680824022e-05
49c2d59f15d6ef9e2527ef7b38c3ec8a,0.0003707038076576815
49fcb24644efc0d9b17f23e0fd8e8ef3,5.295768680824022e-05
4aca587bc3fd2929506be3bdcae750fa,5.295768680824022e-05
4b26d2e1b4cd6b1ee9c95c2633a522c2,0.0013239421702060054
4bfebe8ada9cc8c3ada57c8884694ca9,0.0017476036646719272
4c241203b12a8b89c1973a81d6d30bc3,0.000741407615315363
4c36a5124f2de7afb8caae2bfa0c03c4,0.0020653497855213686
4c7e32fa836063c2cc57aca137024624,0.001694645977863687
4cbdb340df1943b9aeebe32302d7766a,0.0005295768680824022
4cda0e89c9f56fe386851d2f61d20c0d,0.00042366149446592175
4d15077f69357739d1380180e626df0e,0.0006884499285071228
4e198c6980a366cb05eea7f93d078930,5.295768680824022e-05
4e44684f334770b3803314bfd9f18107,0.0005825345548906423
4e7d8a24d2ff5f06748c1e3d1f4519fb,0.0009532383625483239
4e81d34d34b7ee65553b5cc2493b709c,0.001694645977863687
4edfde77fd3704e45f26ca0b4d126528,0.0008473229889318435
4f3c330d15e33856b35bfb694f5750e3,0.0017476036646719272
4f3e064f0856ad3c068ddff98177d96e,0.0009002806757400836
4fa10d17e8750147fcff8e1ec877b2ca,0.00497802255997458
50022f4a6d85c53364b686ab8edc0e71,0.0009532383625483239
5046839238e950982b7b8744e854c4af,0.003707038076576815
504ae04f16553399d6097f2c07a4bc59,5.295768680824022e-05
50767b2a1301177df24e1aa4050c713f,5.295768680824022e-05
508c0b2b0f802fb14378ee7220da54a6,0.0003177461208494413
50bdb5ce995fcf4cb298bd151f0de12c,0.0016416882910554468
5182ca8ebb2169bfc9c69661e47c1ccb,5.295768680824022e-05
5192b37f2ed631ba06e13eb6f9cf443f,0.0007943653021236033
51c04894f67fad0dc2d8eb687ae7e532,0.00021183074723296087
51c9616b78b6d51ab0162b3c99c0a8f7,0.00015887306042472064
51f177b3a9e5c01fd258b4e561ceeb8e,0.0016416882910554468
520771483cf8f83847ac9a6bd403eb7e,0.00015887306042472064
52f2acf0e1d582a78b3a335534299663,0.0006354922416988826
5306a7ab4737ff352a90f757b14a7b31,0.0013768998570142456
531b6e90d3fd67ff069c5fda32a82adf,5.295768680824022e-05
534580f2da45c89ca575cb45f209cbd3,0.0016416882910554468
5381d8ac83a85b827a618832d44f2202,0.00042366149446592175
540d34006e3dbf18594ec88720cda83b,0.0033363342689191338
540dc8b8eba49bbda77b400408962a92,0.00021183074723296087
5436a9d0bc0c20e4658fb0b92f958c5e,5.295768680824022e-05
544297497801d02a4de172402c5f2200,0.0010591537361648044
546e95be9ef77c298f9fd33d6fa760c5,5.295768680824022e-05
54776a2dc78963f8d444da6b439c1f8d,0.000741407615315363
54a9e4e62259ee81001892964f14ba34,0.0003707038076576815
56060f47af7924ca714b3235fb100a63,5.295768680824022e-05
562bd7683d78da8e0fcea95b682f2eb7,0.0010591537361648044
5668725d260a16c7a27f23c64b363c06,0.00010591537361648044
56818d0ab99c2cca438649febe9d1d66,0.0002647884340412011
5682b11280124c8bea6bb47d8a263f2b,0.000741407615315363
56a220402b1d43025d63ad3bf112e668,0.00042366149446592175
56f27a2a8012c509b48178d0b1ddfb2d,5.295768680824022e-05
57202615b44245c29a5d0c29da98466f,5.295768680824022e-05
5720334de859b1828b319e6bc441b5d1,0.0004766191812741619
575f9d88d31807725c333130dbd9c777,0.0010061960493565642
577dba6c10d42be8bf31d09d31e3c185,0.0011121114229730444
579e325e09c5603c312f61ae2ec80cba,5.295768680824022e-05
57aa2bf656bba05a8266a99ff209dd47,5.295768680824022e-05
57b347ec1627c7c8090f84c0e179a766,0.00042366149446592175
57cd260bafb5107c948f9b00d161770a,0.00010591537361648044
57f02b2df77e6b6dc9d4ea710715a2cc,0.00015887306042472064
57f9c9a3133b67cb13c418f2fd9bd23e,5.295768680824022e-05
5828f06be2d04e8d9d4b1d5ded885437,0.00010591537361648044
583f4182d2a15bc4c0895e5523a7a3d2,0.00021183074723296087
58f248ebcae5d0b8f0728a4fe454eb25,0.0038129534501932954
58f9521f23a867156db72be5749f479a,0.000741407615315363
58fe481ad75ca52051f2a50b608e8c29,0.0005825345548906423
592a7bb4fd33a33f0462cdeddadaa030,5.295768680824022e-05
5966a378c52370dc992e0966257f7230,0.00021183074723296087
596fa01dbc018e34ee7d22f2a9ef22db,0.00010591537361648044
5a563d61b70f4f089ff308c3f7f6d7c7,0.0025419689667955303
5a8dc07e3fef8da4a52f15aac6c8a151,0.00010591537361648044
5abc6a0262156f72be0b0bda569a1547,0.00021183074723296087
5ae774dd3d55d861093c598b9ceb1082,0.000741407615315363
5b6e66b78400b94ef5c467087111d3fa,0.0015357729174389663
5bb8e921c61b2e9f224ac032eee1dd8b,0.0018005613514801672
5bf8292aa5267d87a93cf5858a767f9d,0.0008473229889318435
5bfc900496a9eebb93655405c148431a,0.0002647884340412011
5c1c54b5c539ee17a16d3db90361fc3f,0.0006884499285071228
5c80f2fc1423e3b1c6635d66fe678fe3,0.0007943653021236033
5cceaa7295961218d62950cc0098c31a,0.00015887306042472064
5cd61f162f058ef03369d0483c43864a,5.295768680824022e-05
5d568552014039528941d7dbcd5a90ea,0.0010061960493565642
5d6fd3dc7820c747c6393ce6ff0f536a,0.0020123920987131284
5dcffc066414c6bf5b7a38e2124689a3,0.0013239421702060054
5ddc4500f6033870e5fbf493a3564304,0.00010591537361648044
5dec4be2eef3c06a1e76aa00ac553177,0.0003707038076576815
5dee8973eaf411688beaa365f1ab5377,0.00042366149446592175
5df7498251af272ef6e33c0a4c141e4d,0.0003707038076576815
5e1481ca90e7f9ebe44455bf1e7df718,0.0009532383625483239
5e18763b7cad97c8cce044adf31f9201,0.0013239421702060054
5f23a6df7e144b433e5cd604b19abc2b,0.0008473229889318435
5f589a4e93329030a224d39df2a0ba21,0.0006354922416988826
5f96ee2e50f4f24514a974d5b03d7e90,5.295768680824022e-05
5fa29bd8f1b86b527693026bba7028b7,0.0014298575438224858
603c9f7be28b5f37676231e87e467968,0.000741407615315363
6063459b959b98c2d47c1a3432797d11,0.0002647884340412011
607a5d90cef4ada04643cebc4703d45d,0.0005825345548906423
608f399edceaba07bbb6030091892917,0.0003707038076576815
60991cfddc6270ec151ae7298ea82273,0.0004766191812741619
60f6f3730951c4532d9e7b03e398f14e,0.0025419689667955303
612afbceaab4b943be03a856bb2095c0,0.0002647884340412011
613765033354f30e09c6195a8c80ade2,0.002277180532754329
616b1e1ce724715005a6600b854c157d,0.0009532383625483239
61d4cb8ba237463e6dcf282abc27dc32,5.295768680824022e-05
61d5a3fcff2fee6aa454385305a7cd3a,0.0015887306042472065
620443e51e76ea5b9a86e817608dfb74,0.0018535190382884075
621bf25944274d07eb95e1e1aaff52cb,5.295768680824022e-05
622ea002a8dc0312fef5097770960c2e,0.0005295768680824022
623725345ec0e177751c1c42b2efe195,0.0009002806757400836
6239b58af5eaef345559d690f9f76aa8,0.0012709844833977651
626720f5d19a5e6ad22180ecb371f583,0.0006884499285071228
63235791fbf6312e5504d10b2d24d96a,0.0005295768680824022
6346557687b6a5ab6ccaeb59f681abb8,5.295768680824022e-05
637a9f80f424ecfeec0940e40e541b23,0.0006354922416988826
63b4970afa0a1d6840c8a2ba222bec2c,0.0023830959063708096
641f9390b141bea32bfef3f4bf6ef253,0.0015887306042472065
64222b93f24d07ecb2a39e803598f76c,0.0003177461208494413
64504407111cf063d453de86628b8929,5.295768680824022e-05
6453c88961a21a5450b53966aa430093,0.0006354922416988826
6461e37cc86d26ebe86995817495fa14,0.00010591537361648044
646e1769a41ac424a78846d70a65f4ff,0.0002647884340412011
6485a5ff6566691e66199cea75907c1c,0.0014298575438224858
64954fbdd8e012c6cff93b300aeed4cc,0.001218026796589525
64ab0c801fd63d81c3575d44ec70ae20,0.00042366149446592175
64ad177c7db30a6ce9c75adeaf68ed80,0.0006884499285071228
64f2589221fe3fae33a44fccea47afba,0.00010591537361648044
6502c7bf99abfff27bbc4a746952ac72,0.00010591537361648044
6527f636ac99c06fbbf5d7c05ce5fdcf,0.0004766191812741619
65531a075f0079c35a85e2755d68b1ed,0.0003177461208494413
65ca05f3b63f7d7383662d1275b0804f,0.0005825345548906423
65d5251fbfddf5ffa55690234aae8697,0.0014298575438224858
6604bec9e74c9ada8ad84803ca1d7002,0.0018535190382884075
664318a069766685b7e23bfcd7720229,5.295768680824022e-05
664d4310df2169c75bf937da44883345,0.0006354922416988826
665c2a03b7a5d5927f40c428be65a56e,0.0019064767250966477
667c6b0c72bfa3b1cc2d737e39e9ae35,0.002277180532754329
66a62a489db3a1d1ed5ce194543d9a97,0.000741407615315363
66d457bec2a4c5919a744c8b6be72a92,0.0005825345548906423
66fe9609c8ea3c6451af9d0a79c11829,0.0011121114229730444
6735e60ddc211d0063233b1b6912bd0e,0.00015887306042472064
6744272216df912cea57915bc70552ec,0.0010591537361648044
6770ca04acbfe18c68352a922eb499c5,5.295768680824022e-05
67c766d4848c13fd98e1aaab3978a292,0.0006354922416988826
67d8cb19faf1ec8ef9d0c8c43e5c3a1e,0.0002647884340412011
67eaf6b3ba0b71f2c5040fef2fc2ea15,0.0017476036646719272
6820aa170f980284e58d47ccbfc2bbe5,0.0017476036646719272
6856822fd9e386b605c14b9b10c5388b,0.00010591537361648044
687ffebe324f593b78a465f0798951f0,0.0010591537361648044
689f113506d36249dc30a86fe310fce3,0.0004766191812741619
68d8e36620d82ffe263255d45d2a12ca,0.0006354922416988826
68e2cfb75ed33a36059655e93996dc1a,0.0003707038076576815
69138a648e4c050e51dba9d4e4767854,0.0009532383625483239
69639c6d1e650a6d8aac43727543438a,0.00010591537361648044
697b6586f9193b1dd977a329fc2413d7,0.002700842027220251
69b81e501107a26783b83ddb151f66e6,0.0006354922416988826
69e02d1c10b1f6ca80c757fc826a838b,5.295768680824022e-05
6a04637a0d07c4a7da90665a3ef0cda8,0.00042366149446592175
6a4def7117c9966eb7d58097deb90183,0.001482815230630726
6a748db5fedce1ee4b8698002cba65f2,0.0007943653021236033
6b1558e185d517a54239152127e6f83b,5.295768680824022e-05
6b1d031712b5b39117755ee7ea6663c7,0.0008473229889318435
6b472dd9e21ce7835048e704e2163b0b,0.0006884499285071228
6b597ef5dc7634672913d20293d1adf3,0.0015357729174389663
6c0f5764509f4a2231be815554b0fe27,0.0017476036646719272
6c34fc6cf66dd34fd2a991960d753db8,5.295768680824022e-05
6c4464b737f36f8a7cb98d8583c6812b,0.004501403378700418
6c75dc909b00e416e4c17fb0ddd76977,0.000741407615315363
6cade907a825d0215225df3eee9d064b,0.00021183074723296087
6d457cc7787ae5e12f501dcae0faa179,0.0016416882910554468
6d782a6639e7a77773ba7172d2931ee9,0.0013239421702060054
6def3d6d81a4b0d9c380468409cfc61a,0.0003177461208494413
6e8c0dff1609e97b9904a7b0cfc09c44,0.00021183074723296087
6ed4058960307a299a820ee817ec6516,0.0003707038076576815
6ed544981f365dc04303f5b7f448ee4a,5.295768680824022e-05
6f10881bdfbb8bc85a2ef1596ed5f6b6,0.0005825345548906423
6f336c3e91851f6ce600ed823e23fc03,0.00010591537361648044
6ffb85c3a37ce2abbbea26167f24b585,5.295768680824022e-05
706a6c9020d8366ba1995bb03fdf411e,5.295768680824022e-05
706e321f7215f33351536255ade8ce0b,0.0005295768680824022
7084137d4f1f39e8d6de085c17dd40dd,0.0006884499285071228
70b1e8b6239c8e0c2d89d453c52c7c50,0.0018005613514801672
70b9bc7a3057d317a2ae2bbf6a36fcfc,0.0005295768680824022
70df740e11507f5c8b1c17661022c20d,0.0006354922416988826
70e401c2df91739f239c44ce9c986083,0.00021183074723296087
70eac13d3e90514dd58a224c5491ffb4,0.0025419689667955303
70ebc2ec691cb299456fd995a9e5abee,0.0005295768680824022
70ec7b0982c169752d6d9add29d88883,0.0010061960493565642
710c8a02fcca052c669b89c21f60bfe3,0.000741407615315363
712f1a971afb5511853ef771e6096f61,5.295768680824022e-05
7134e89eab572a829143f5b1acfcca81,0.00010591537361648044
716a8126de9123d72558643fdc2c17a0,0.00010591537361648044
71c708031b16789fa305c1fd34e9e463,0.000741407615315363
71db6f1aa815b7d4f20dc19eda11bef7,0.001694645977863687
7333cc34e1048031c9e917b5887ba23e,0.0010061960493565642
7368f37c3d71137a6a2575eafdeb1339,5.295768680824022e-05
739b731380f4d275491645c39eeced0c,0.0007943653021236033
73ba2b19a06eca2ba5e9bcb6fc77e7ae,5.295768680824022e-05
73bbc17a7298626a81c6b8b744302de5,0.0008473229889318435
742621799245044d72a891d8cacd7699,0.0018535190382884075
7429aae3fc74077d1906dea1fc3c809d,0.0005825345548906423
74314abb06cc78670d092df9319c730a,0.0003707038076576815
747dd4d5e5eff1e50a25a73dcc66a84a,0.00010591537361648044
7491f0088cdd59c426fd6654a32bcde8,5.295768680824022e-05
749aac45f8f0ac673d97ad2338f49da3,0.00015887306042472064
74aaa229160252be87164963c6af30fb,5.295768680824022e-05
755edd5e7287373d016d884c41994dfa,5.295768680824022e-05
756153a1f52260537ce65259844faa28,0.0006354922416988826
75648f6f990b03ae502e8b2072cec351,0.00021183074723296087
759cfb9a5eaf75a5436859858d93e8d4,0.002753799714028491
75d86d1724a2455d26e7749f0f4c7b7c,0.0005295768680824022
760930f860786573ba0617770bdaad1d,0.0015887306042472065
76323d330f4472fa2ae0d53280d974e6,5.295768680824022e-05
76376378412050d1c9cc1dee583f31ee,0.0025419689667955303
767d4996c842f7c200ff9844f5451eae,0.002277180532754329
76aa74ab29f48e435cd10711254b7895,0.0005295768680824022
76fa60f501f0ad3fe796cb187a0aeedc,0.0013239421702060054
77640292a276745f85876db3ae9d174c,0.00010591537361648044
779e9142315ae8d18793d939fb279de7,0.0002647884340412011
77c0c0f966f80016c52f828a2293e028,5.295768680824022e-05
77df327fdbf184073c265aed8e9a0b73,0.0003177461208494413
782bc52da53a0f53dc12ba3d4c0f3e94,5.295768680824022e-05
783b3ab51d344ff2aa308355648467c3,0.0013768998570142456
785bbc8709f74d34e891896c8fbd5b35,0.0006884499285071228
7936186a4adb39e64fa21d453388c54e,0.0003177461208494413
79422a13bf84108d7afc347c6ef72141,0.000741407615315363
794cbfed9d8dc127d9ea6e9ba4eb8208,0.00015887306042472064
796e6417ce4f1273c510c9b8629e2702,0.0019064767250966477
7971d406b03e13940d0938e80ef199a8,0.00015887306042472064
79af46a91488740dedf78f20fe406585,0.0018535190382884075
79e54d86f4cd9d188ec93258443962a1,0.00021183074723296087
7a24d5e9cea8466cd3205056e75a7f04,0.0003707038076576815
7a40725c449c0695c6294bfe50f28530,5.295768680824022e-05
7a40e1324c3be268fedf6f59ad97bcf6,5.295768680824022e-05
7aa179b2272405fc74d84ad5bb66f527,0.0017476036646719272
7aae3dccb1572fc118b9f7116bd192df,5.295768680824022e-05
7abff484360c6f9a1749f23899b9b7a7,5.295768680824022e-05
7b61ed4d91725ba3e6cd0ac60116b5a3,0.0019064767250966477
7bf55a3312188affc7ed032cba2291a9,0.00021183074723296087
7c7f7b0197271300babd416ff4691d56,0.0007943653021236033
7cbef8932ba2b2fe0b8c0fa497dbf7c7,0.0008473229889318435
7cbf200c128e668b0531a35e5c076072,0.002224222845946089
7d0283955d94a4fa1ed8c6b8004186cc,0.00010591537361648044
7d5f7ba600be6124e16e6279a5052323,0.0009002806757400836
7d67457848f9b4f2c0f4145429e9cd4a,0.0013768998570142456
7d9c52bfd1aec6a261b413b121ad8168,0.00010591537361648044
7db44fec92af91208e360dbdf897d396,0.0004766191812741619
7de7cbf33b85cacfacaf4c288013340a,0.00010591537361648044
7df76f214f92ea5464147b48f0117eb9,0.00010591537361648044
7dfafbf330d07e6abcf4fc3294dc2bc2,0.002118307472329609
7e7627bb506df09e87804a5fad1847cd,0.0003707038076576815
7e7b7ca7cb37bd250555e0b9ad1a0521,0.00010591537361648044
7efe3ce67d708c95d491ce9566f50240,0.0008473229889318435
7f25d248c88e485981da0ef3e5e7d064,0.0003177461208494413
7f3a64013fd482c1f22c2ee636555717,0.004130699571042737
7f3f7ed5fe40755e46b8d83a09427111,5.295768680824022e-05
7fcf85bdeb29cef4b998f80faff3cc0b,0.0005825345548906423
802dcb89f6b356c6475dad0249c894ed,0.0018535190382884075
806201129cbb650081de1ea793bd41ab,0.0005295768680824022
8080abc2fada1932e54a668b6c3b58da,0.0014298575438224858
80d30cbc17fda97ed1fab64bf8f1dd5c,0.00021183074723296087
81a4d488c631552829a5797b16fa481e,0.0002647884340412011
81c58db511d6136dac56b3107714155d,0.00021183074723296087
8251944b33e3facb6e1d7b2e92759443,0.001218026796589525
8264a2c0809479a06d030699209888ff,0.0018005613514801672
8288a33812290d9bedc80271f8fe2c54,0.001959434411904888
828f3c41a298cfea5b880ff7bb9c1df3,0.0006884499285071228
82a465e529a538dcfb3121dc002edd11,0.0009532383625483239
82bd8984dc0efb6988396e669524e999,0.003124503521686173
82daad95c1578eb456d2381b9af1b7dc,0.0002647884340412011
833e1cd699f3f92d1a382ae8f9b7000a,5.295768680824022e-05
83418e3f968d329b90e97242cf9a6505,0.001218026796589525
83460b327eea4d89a8f67bb275c69250,0.0032833765821108935
8366cc844c37a306570afaf9cc541c71,0.0017476036646719272
837ad8a93822c32bf230994fd0fb2d8f,0.0007943653021236033
83dcf53838a190f3372f27ce2986bb4a,5.295768680824022e-05
83e9fd731770e9c4cc0722226e6b86ab,0.0009532383625483239
8453353bcecbc428e330c9b8a23a77b2,0.00010591537361648044
8490826000a4e4714e1af9d715adf02e,0.000741407615315363
85314817c552487ad9d190e7003cf5af,0.0010061960493565642
8555bd09156e40bb1531f2ea45004e5d,0.0006354922416988826
864990c60df361bf8ed5d3d9afee018a,5.295768680824022e-05
8667e858ef6eeeaf1a9d8a8aa49e8fda,0.0014298575438224858
866b1cb1a52d5e231ef00689d968f547,0.0018005613514801672
86df5a28d87b275d1e6ddaa5a6af91bd,0.0006884499285071228
871f8435a67a4caca3bbf838f0193c04,0.0016416882910554468
87e3452cfb8a0abce6754053e4ca1485,0.0048721071863581
88b61b60705ad2b97898c6dc5d47c6b9,0.0003177461208494413
88bcbeb8ea3ba4053cc945e557b95dcd,0.0008473229889318435
892e194ae7901720c30f585cd1345816,5.295768680824022e-05
89307ef3ddd43aa88209cb14dfa37aa4,0.0006884499285071228
89382dd62eb24b2e546c9bdce5ee46f6,0.0025419689667955303
893d779d5f3ba1e39af0d64341428156,0.00021183074723296087
8999284a579311f282569a7e91075e5c,0.0002647884340412011
899d424793d6bec04e7c1218b3d75536,0.0003707038076576815
89ba386ce1209702b1c992b39c837cab,0.00021183074723296087
89c73c7635d9877dbbea1ffd75e0ffd7,0.001694645977863687
89d8cafbe66568185d1f160bf341d084,0.00042366149446592175
8a1ba0a570da0f2c12c3103e12d7a47e,0.00010591537361648044
8a1d57aade22adadf04fc8fc9f0bc802,0.0009532383625483239
8a3592569bf5b81a5e65a3bcf8acd051,5.295768680824022e-05
8a3a0c4e0b92431ed0b9c8c1a9847d98,0.00042366149446592175
8a870ceb45f6c326782ef0c518faa69f,0.005507599428056982
8ab645ab215222ac3d38acae27096774,5.295768680824022e-05
8ac3cdaa465d7d5d62a4c798ae8f2360,0.000741407615315363
8ad0fe88f73f3cd0c7a543fa5d8f048b,0.002224222845946089
8aeada0db0c5e44c5faf1c9a315d51b4,0.00015887306042472064
8aec556cccccb07773d2d49f16fb470e,0.0040777418842344966
8b4ea40c53679cfbb5eefaed91ed7cab,0.001218026796589525
8b609e447ee0ac91abc9dc4cb5c06154,0.00010591537361648044
8ba32db41610fe3cbdf816cd0e1f084f,0.0033363342689191338
8bc517352756696c25e4a01806873533,0.00042366149446592175
8bd0647c941272876dc8c243014afad4,0.001959434411904888
8be4fe93466a5a2ecec5768473a54704,0.00010591537361648044
8c40157295042db12d27fa2223d9c258,0.002912672774453212
8c4a78ec235d3eea0f40f47d4b4061ba,5.295768680824022e-05
8c4ad5aa65079c83224da3dbe3532f6a,0.00042366149446592175
8c6cb12baacfc3dc61a58077cc94d87b,0.0003177461208494413
8c9742fafad66d7bcdffa696f9acbe36,0.0004766191812741619
8ca3538a1a0b9eb78482995e30bfa62d,0.0016416882910554468
8ce3bbda1a48209865f54dcf36ff09da,0.00015887306042472064
8d18b2eb3c07dc62e3afd8a9fdebcd5f,0.0007943653021236033
8d20a8393003693896e60a2bcb101dbe,0.001218026796589525
8d391b1ae41db755369dabf46b917fb2,5.295768680824022e-05
8d710fd203e42c6d51779bf40fd5b5bf,5.295768680824022e-05
8d754fd559d5a5ee01c6dc7d2449ab74,0.0003177461208494413
8d796f509a6693783e2d2b5b2f5cb213,0.00010591537361648044
8d9b5bbab86b4815cb2c752fd9ae9cb5,0.00015887306042472064
8dabd5898c9cd4ab7925dbc9f585a47c,0.0019064767250966477
8dc8f50b05d3397211d3d6151b729e22,0.0008473229889318435
8dd6cb23ce5a586e531be927ef0fcd61,0.0028067574008367314
8e1d4f98fbfae09e361ee7a039f5fedc,5.295768680824022e-05
8e97281aa94f1b9a5991521912f4ef93,0.001218026796589525
8ed6fbea87484f3ea5bd213216283c2a,0.0006884499285071228
8ee802dc181891310fde3f7f06d0ae55,0.003124503521686173
8ef0a9080dd6af8233fd8ff652adb1e5,0.0005825345548906423
9001584dd6db2cc681bdf5532bc1fcc5,0.00042366149446592175
901f5ba461e523c95a0fa9466acffed5,0.0006354922416988826
9151a8c2ba37a44d515ebb64647eea6f,0.0008473229889318435
91ec11420276e69a8e5d49929381977e,0.0014298575438224858
9204e861f3ab6cf3a3e6fc07121f3910,0.001218026796589525
9210cd9c58c4ee89c9e4bc0e400b67c4,0.0002647884340412011
921b9d7b665e288b9d2f0cd38e1829a9,0.00021183074723296087
9229b28558550d4ba716af63444c3521,0.0018005613514801672
923d643b33045267617ec1a1fdef0264,5.295768680824022e-05
923f4beed2dc19307ca68fb6b14a8112,0.001482815230630726
926cc7154e61373aa0f6c268f7d7a86e,0.0028067574008367314
92a389d70a5616f4e44e10402b8f91af,0.0006884499285071228
931a020cdab7111c01c5ababf08ff7e9,0.0011650691097812847
93685248088cd69b68a248242248e77a,5.295768680824022e-05
939fb1d9e7a304269326001bdc0f865e,0.0006354922416988826
93ad9d02d45a0f9747eaa4eb24092a26,0.0011121114229730444
93b9023c6b335a7620e2edf5cfcfbddb,5.295768680824022e-05
9418b542aab5b49eb3cec7376fb3e624,0.002753799714028491
94335d8689adb7ea68db9a7f0ff2b45a,0.0005825345548906423
945a9a1decd5529c9fdec7ca3c37b93a,0.00015887306042472064
9470170fa8781c4a41b6c2a32b299e2a,0.0004766191812741619
947ded427735a4e816e3a7b4f06d968b,0.0009532383625483239
94b543f10e4ba405a7170e121e3ec5c6,0.0052957686808240215
9507f7ead5e2a4df4d0102391ebd7887,0.00010591537361648044
9520146c4ec74cdd258084f46f3ed93a,0.002224222845946089
956cd45a6c12867aa3e500adbdca621a,0.0004766191812741619
95a8b37c70f0164f6806d77d2a7edd81,5.295768680824022e-05
95afd8f481e64b82638eaad1a2b8c2c2,0.00010591537361648044
95dbde5c01129fd94bbc6c45cc24d7c4,0.0006354922416988826
95e6f84c201745e1e0057d9193e97a3c,0.00015887306042472064
95ed733695d3dfeae2020dfb23c70e4f,0.0011650691097812847
95f6a5a071fa213bcc44471c4783e1d8,0.00042366149446592175
96838b5f599be00389073e2fa4eb4f11,0.001482815230630726
968c32437ba068ccf688424ecf8a1043,0.0014298575438224858
96d4d50b2f938c4ca603e465be412e19,0.000741407615315363
96dab8486af8f52c7104875ed2406616,0.0028067574008367314
96edf0dbff15623d2bcb37936594089f,0.0016416882910554468
97220ea82304599222dcded09754f8af,0.0009002806757400836
9743769f5bec9a59a6c439a9cda10f07,0.0002647884340412011
97954f2f1c5a3d20e06b5c5e392bc776,0.00010591537361648044
98997c65f260d855caadead6b4522bdf,0.0015357729174389663
99190c7fd5b9bdd22cd26205c8a01eec,5.295768680824022e-05
992b935c3bd9de019811767ee377276c,0.0010591537361648044
9947410df8c5787fedc1694e413012a9,0.00042366149446592175
998e40284150a34927a5a2e43671e61d,0.0005295768680824022
99a83509593e059f89a7be9ab2ec618b,0.00010591537361648044
9a2b4a00b0d3631de5c4e2cc863a830f,0.00010591537361648044
9a342cd206cd3ca5409158190305e035,0.0003177461208494413
9aacc79b8299bee3120422e68039f731,5.295768680824022e-05
9aca6737e93105a3214f3c5c1e42be00,5.295768680824022e-05
9ad304c46930248357ac0d32d3302105,0.0003177461208494413
9ad5e9f26b061dbe6a98fdc91f4937d1,0.0018535190382884075
9af56e3931c7b73f986fe16a72cb3523,0.0005825345548906423
9b00bade60398b728feab490098ef13c,0.00015887306042472064
9b4abcd991b320726c3305fe87a29fe3,5.295768680824022e-05
9b776b88d728f556324b72ac2d25d711,0.0020123920987131284
9b815a54afa4b8902715b5934e4c9f4f,0.0003707038076576815
9b90e6806509de140a116a0a1e62b629,5.295768680824022e-05
9b9a9ab03de7087d6eebd37f51d8ca2b,0.0017476036646719272
9bd3a2a0e12e14c35d8a08beba881163,0.0006884499285071228
9c0e3dfda42ed061c336a97dd8df39da,0.0007943653021236033
9c3833e4421260b6afc99a0ce4fbeb1c,0.0003707038076576815
9c43be9b63dd2c8fa9a55f6ec4ce7ec5,0.001218026796589525
9d00d13e7117510960cf86cfe70ac650,0.0009002806757400836
9d13b78e1fbfaf4ed8c3190121e76ef7,5.295768680824022e-05
9d14369d5813b8e8327b35ed290624e8,0.0006884499285071228
9d47c850f232b6da0bd038a65449575e,0.002965630461261452
9d5a29ccbf83f3e98ae82aa5fca4b227,0.0036011227029603345
9d6dad8467674ff2eb00b8eca5cb1588,0.0003177461208494413
9d9103fa5e67d45805bd930a617e0e66,0.00010591537361648044
9d9737fa338b46893e04d54dcef4ada5,0.0004766191812741619
9d9b43b47c63ae6f81396b528760d8ec,0.0002647884340412011
9e032a52866de79caf7dc7072409093f,0.00042366149446592175
9e11b1c392ad21c0857a3d118bb33125,0.0012709844833977651
9e97eb44d5b1c0fa563a94070aefd9cd,5.295768680824022e-05
9e99864f5cd6c9f15ed66a6c03433fa0,0.00243605359317905
9ea3de01dba4a78f1547425699442883,0.00015887306042472064
9efe8955e79b0aac1e85529e6c3d7cb2,5.295768680824022e-05
9f21dae0b0f41eb2f4a544b3fbdbb5b5,0.0003707038076576815
9f58641f8541c7104a43aa51a5cb6ef2,0.00015887306042472064
9f9c4a36ca2e8ff262d12010fd3a3ba6,0.0014298575438224858
9faf334b2d373315ca09efd9cc9c3e2a,0.0011650691097812847
9fc4ed62061d22bb254436c02fe91a76,0.000741407615315363
a01d3748c08376ef4779b8f3eeb7e4a1,5.295768680824022e-05
a042d6fea69735fbc814a5aba9df464c,0.0026478843404120107
a0900dce07774f1e734e6f31c4b9e2db,5.295768680824022e-05
a0a25bf4f12ff9dc5a9ff8e1d8f2d8f9,0.0020653497855213686
a0b3361d70ca80c62649d14f6797e8ad,5.295768680824022e-05
a21ac925aff5528824450f8acbce145f,0.003918868823809776
a25410f76ac6e1fd994df5482ef61417,0.00010591537361648044
a26aa53705c5e47079bc47ca20cabfb0,0.00010591537361648044
a27837a6c30cc0a5980ed88c8232b6b8,0.004395488005083938
a28977d7e6fe5913f08643027e347ce1,5.295768680824022e-05
a355b92421aee691244b4abc3cf0346a,5.295768680824022e-05
a3b0414de7d2ec87b47bd77de06f3413,5.295768680824022e-05
a3e51dbdaeff621a82a8c51ef8d74499,0.0038659111370015356
a41d6e3066fde096fea73a647512bac9,5.295768680824022e-05
a4295b6c6d06e97b665008e16e96d62a,0.002118307472329609
a42a5ebdd7533ee41639bdc19fa975de,5.295768680824022e-05
a46115bd900181dea472bb85ee42e38c,0.0005825345548906423
a4a66c8b168ac53ff797e0fefa996f15,0.0013239421702060054
a513c63ed79ddef8f6a94a704373e427,0.0005295768680824022
a5670b06625817d32be17944d2df72d1,5.295768680824022e-05
a56dfe913fb80e135aeab907c1ba165a,0.0005295768680824022
a711e10baf6050f8185047bdcd4784b0,0.00010591537361648044
a75472bce684a0b4c73e8d10dd20fe0e,0.00015887306042472064
a7d7f4e7d2fd5aae34ea1ddcb45dd7ac,0.0020123920987131284
a8003caf345e9bd4d8be0875ebb82c8d,0.0002647884340412011
a86d0e05f86bb7cb60414f1d99fc5710,0.00010591537361648044
a893caa41ddc638a2dc9af54da684314,0.0007943653021236033
a8dda7d3eada2bde3816643d3e2d7acb,5.295768680824022e-05
a8e565ac9eda5e40b1e50d8086ee7ae5,5.295768680824022e-05
a90dfbd2a3d9d2d8044220520f223c44,0.0005295768680824022
a917550f3dea918f715d763b3aa26bfb,5.295768680824022e-05
a92cd12a64e6c6beb988f271e5c84d51,5.295768680824022e-05
a96d3e175a3af1d79397a55f9b71a97b,0.001482815230630726
a99e6491d67880b3332668c1a6913425,0.00010591537361648044
a9c52235c9ae26bb3187b9bf09653893,0.00010591537361648044
a9ee603d8726b8266ea1773f75526937,0.0012709844833977651
aa00445e4bb37157f508644d91817e05,5.295768680824022e-05
aa41ff2660a64feb023c91d8f95ab472,0.0011650691097812847
aa6a0f9f405eda3df6288be678c6aa74,0.0004766191812741619
aa9e32d26a0f60c02393742ee0f0bed4,0.00021183074723296087
aad112a1eea9a5df3612fac4f2ddd075,0.0011650691097812847
aad6acfa28f5cc69f13c763ef52e6538,5.295768680824022e-05
ab0a0c03376258f0a4f6a860f1dfdc09,0.0011121114229730444
ab2ca00f42a90e5d4130c7af6d0d7dc9,0.0007943653021236033
ab470f067cc50cc2ab6009fd26e42b01,0.00010591537361648044
aba05b35aab093052a0899b4da6da502,0.0002647884340412011
abe5baae17dbfa8412306a85406d0694,0.0008473229889318435
ac375306ed3c62288e995e052f48fd31,0.0011121114229730444
ac793500c0e7e696062520615b80bc9b,5.295768680824022e-05
ac84827ec09020ea1c835d31e17a6159,0.0013768998570142456
ac8946f87e238e8ef90df09425e3e4f1,5.295768680824022e-05
acea8c7133ec41a661bb7436c5ae6416,0.0003707038076576815
acf19b423d07b499f659c5d6a4dea292,0.0002647884340412011
ad059431c8e76aec61e20a6e349d007c,0.0033363342689191338
ad0f6df05553c86619176db5c624468f,0.0005825345548906423
ad658cb030c93a2f4fe8d598e0af6fcf,0.0005295768680824022
ad7b42523a1e19d158b373c59ded4b05,5.295768680824022e-05
adf2461b1da00715deab0020b421f2f8,0.0015357729174389663
ae00b9d2a5eb491c9ee7edb7348202d3,0.0004766191812741619
aef12cb3b860796218b9e2d5ff973990,0.001218026796589525
aef138ea942cc17690b8ac8c1d657831,0.000741407615315363
af1b431a36aae90bb9b3cd5d72ba2ad5,5.295768680824022e-05
af40e0d496a3b44471033a093af32f94,0.0011121114229730444
af7be5e07b641f669b3446ef7519843e,5.295768680824022e-05
afd3e16e34864a7d5f3c9b856e5b03b6,5.295768680824022e-05
afd83a923753d4d639de8f7a0b345429,5.295768680824022e-05
aff6e761d330df7036fa556fb9c17a5d,0.00010591537361648044
b009fb4927849ebb1f759d6231d28f45,0.00042366149446592175
b00c4fdca1c7e4d6dec3cd4505fdc1a7,0.003971826510618016
b032003e032739392e22829bed9f69f9,0.0003707038076576815
b13e35904bca2b1ec373e46b2854ad19,0.0003177461208494413
b141aed9df0505a1a718b0068e0e6e74,5.295768680824022e-05
b19b7ad2ef86b1137d7f5e5711e17b3e,0.0007943653021236033
b1ab23ed2a582ecc39d03ec1e56a885c,0.0006884499285071228
b1e2efab5fdbbbf4cf425b10318c4905,0.00010591537361648044
b2641a3cb3388700e8d45e43cc8b1ae3,5.295768680824022e-05
b2a8521bb3ac53ea380dfa15eada58ba,0.0006884499285071228
b311a0102105d7a7d784b3f7d80de3f9,0.0006354922416988826
b33cc67463fc5c8be5cae3b06c2e8ed4,0.001482815230630726
b3579c2413cef17ff918b705bfcc8eb9,0.0028597150876449717
b38b14c636d0b8cc57d684eda8d20add,5.295768680824022e-05
b411dfaacad24bc8b1b38f77fb25168e,0.0002647884340412011
b42f5f175bce7df2a9ea067e293d8fe2,0.0023830959063708096
b44e135e7d6045ae94aa6d956c9f396c,0.0010061960493565642
b46890220a5d8c902a52c9b447be374e,0.00010591537361648044
b49977f62fa57637be8c6b42e38f6d21,0.0020123920987131284
b52966fa93287fffe66f6ed8511101e6,0.003124503521686173
b5415c84bb446d3236379bd83d2b5b83,0.00010591537361648044
b58dd591c8c5d554095743308855f148,0.0009002806757400836
b5993f42a85f9b477b7cd6b969804aee,0.00021183074723296087
b5bae96f499ccc30056fec8be1e10c8c,0.0005825345548906423
b5f6dba9b616ea73f6e03585f9b3dffa,0.00021183074723296087
b66c2280e5a4f2dfe84132bdff621053,0.00042366149446592175
b68480a27acf69162718f4f2559d8787,0.00015887306042472064
b6aef104a9c4f57a0001ce3a917a90dc,0.0014298575438224858
b6b94fd62cc382e9492bfa03e9681bd8,0.00010591537361648044
b6d2ade82d21a8953bdd06bd6845e80c,5.295768680824022e-05
b6e814511100e6214487b29fdf5bc260,0.00010591537361648044
b74f835173bad33a086edd6c1502a3a3,0.00010591537361648044
b7c0c971d703e4ec26d9e24b4131c87e,0.0005295768680824022
b7e24e6de906e8588818fc8892264fba,0.00010591537361648044
b7f1fdf1722329267d5cf250b7fc0117,0.0002647884340412011
b7f696bab0d3b2608c46d85011a3dd6a,0.0013768998570142456
b855d934372df33af762f5073fe4dceb,0.0028067574008367314
b8b35bc780a4b4b272a7452b7a234acf,0.0002647884340412011
b8b9fddac8cec48dda407a3f3b5979a7,5.295768680824022e-05
b8e82ddedf7b8c94f567eea081783048,0.0017476036646719272
b9297245f7704022dd6f7130c67578de,5.295768680824022e-05
b951a61a550cbecf1aebbee69a57ac76,5.295768680824022e-05
b96002bc7fbbe96babce0ee22d5c5280,0.0006354922416988826
b9e8862c508da4cbf63f988132a7004b,0.0004766191812741619
ba2e4aac993315314db5d50f629cb17c,0.0015357729174389663
ba75afb56797c2fa395ec0e3e597e3f1,0.0006354922416988826
bab2967fcdbe87152c914bf3fa1d82f5,0.00010591537361648044
babab3586ebfbf28913254ecda137108,0.0011650691097812847
bac9af1e0ee1d66b755abc8a95c8bb92,0.0021712651591378486
bad9a57451136d851e6775506a755252,0.0013768998570142456
bb1b0212786707c58876543647e9e652,0.0032833765821108935
bb5963163a717f0e77708854a306c82f,0.0014298575438224858
bb64f9321f88d2aad72a2fe6e62f2fed,0.00015887306042472064
bb7969443f07a24677a0ff1983c158c1,0.0013768998570142456
bb817eed326abd699cdb2075f6d063b6,0.0010591537361648044
bba75d5213575cb673b2811553271b80,0.00021183074723296087
bbfa4da000b1d4139b26fc9583eb37ee,0.00042366149446592175
bcd4995c3ec94343ef7651c6fc635d5e,0.0004766191812741619
bcfe33175d28fdf3f7b725e06d8e0d58,0.0006354922416988826
bd0399daed7fd23f7a50665284130cb3,0.00010591537361648044
bd887aa8dae03734c20345aa0abbcaf9,0.00015887306042472064
bd89dddacfa13132f81db0ee78a4f7e3,0.0008473229889318435
bdd4b441dd778daca2c815e3b1c3d612,0.0023301382195625693
be1e84c266ce6a681a2f338c961558b9,0.0017476036646719272
be30a10c72033f2b22966cc1a82e6c78,0.00010591537361648044
be6dd04e8bff4efdbc9422ac8ed16e67,0.00021183074723296087
bec1dd4d03281b02e0bb4fd8fc7f3403,0.002224222845946089
bec6ee9ea7e1f76233b2da78e936d06f,0.0002647884340412011
bf66097010807ebddb0f890bff22e641,0.0005825345548906423
bf91b25f3470357f63ee21df04424a58,0.002277180532754329
bfa1c8e0078304474220532ec4e0be68,0.002965630461261452
bfa28195f1bf4448759ecca6441ec29d,5.295768680824022e-05
bfc23d960ae58f65959758c7e2bda936,0.0012709844833977651
c011e3ec6f06e2b19871f2e3fe48824f,0.0010591537361648044
c0124c8422a943e7e938a1cc1a3820c1,0.0018005613514801672
c04b7a06516e90cdd85a10496586863f,0.003442249642535614
c069d39fa82e1e69a63f435d1d38c353,5.295768680824022e-05
c0829232681359a8f2100d8f2ce5d587,0.0007943653021236033
c0889a8676c3d73789003fa3232b9b61,5.295768680824022e-05
c112f0c81bb957f7194592f100911749,0.0023830959063708096
c1155c33f121ff0fb12877b9fbb1de5d,0.0010591537361648044
c1384ac194f9752d980f8567f7d64685,0.0005295768680824022
c180f10b27fd025b02470bbfc80a3c01,0.0007943653021236033
c2011a1ff21581c164564f9d04c27766,0.00021183074723296087
c22f5e1af33078efd7f95241a9acc71d,0.001218026796589525
c29b34b040bc5b09928a6c1e6e56731c,5.295768680824022e-05
c329b12dfaceee498284aa77a852a7a8,0.0009532383625483239
c4096226befec2554366e3524b346a7f,0.0003177461208494413
c40d7f212e0825cf8bcc9a2358643751,0.0018005613514801672
c42799f5c6b236eef473bc970cef5f9f,5.295768680824022e-05
c47076709210807614e77ee5fcc78b4c,5.295768680824022e-05
c48ce31f90dda2a6ec544eb12801b877,0.00042366149446592175
c4d50dfcc24d2a3d745ac6d34235724e,0.0010591537361648044
c4dc677f8786d4e92e87bcf26e3d8e7f,0.00015887306042472064
c5231296efb468f6ba7cea21b00c25d2,0.0025949266536037705
c529491cc4d2e856eda760162259f3ba,0.0008473229889318435
c5557754613e0d434eb3ad429c5b60d8,0.0004766191812741619
c5db3ff01be7b9cbb44841f711c33268,0.00015887306042472064
c5de327477641ffaf12aab84b17d8bef,0.0010591537361648044
c6437016800b96fdc245de0e29b9bd59,0.0004766191812741619
c6caf7d6e00674d115490fc8770089c4,0.0003177461208494413
c7109572281e27d5ccd6bfb9ddc1da36,0.0005825345548906423
c74245c3a0d0069aa0ada9b5b3cbeecd,0.0002647884340412011
c7a595b07e908b8cc876f194fc681470,0.00010591537361648044
c7e799ea2106a454458b06ec2ae3cd53,0.0009002806757400836
c7f8d8b63cabc4e9474a482fe884aa12,0.0009532383625483239
c819e1ab328144441064d08fbbaf77df,0.00015887306042472064
c890013f020c8cfeeb74d07b24ff6ffd,0.000741407615315363
c8e79da3e0f71da3a82d9e5f67681a24,0.00015887306042472064
c913ddbfe99d5cfef25a90199c083877,0.001482815230630726
c93d1a870891d54bff1f66e14ee879d4,0.00010591537361648044
c941f765b2e6b438d2fd1d7aab8c8eb0,0.0012709844833977651
ca7746e0c7d344ead45398dea32894d0,0.00015887306042472064
cadae6512992342b2b461ab5c5ee2ba0,0.0010591537361648044
caf2e31d02ecfb4c9cd97ba6c3436739,0.0016416882910554468
cafa168683235d6258ab38946b056156,0.0003707038076576815
cb5ca4c512429a3d75d10828dc9e55a4,0.0011121114229730444
cb716278d37e56e1d1e3630595b70ec8,0.0030185881480696924
cb82759f623bec1fc12ecf7e3e53282a,5.295768680824022e-05
cb840574c7baab5da31628f7c339616f,0.0013768998570142456
cbd3ae1f88479836d9b33e54d108af0f,0.0005295768680824022
cbd44d499f494b9636e7cbcdcd7c87a3,0.00010591537361648044
cc5e7c18b4fa8d6038eb1983332acf98,0.0009532383625483239
cc8f65094b7e270f0337ede26fa9e047,0.00010591537361648044
cc923724aa9977203345085bbadd95bd,0.0006884499285071228
cce277af93456ca86f0f3a9fae45d43a,0.00015887306042472064
ccf3d1edc5040530f275b4bfeb05fe24,0.0003707038076576815
cd259eeed4cf4cf2c1e5b39d128b7d66,0.00015887306042472064
cd9912d5e22cc3eeb6ea19fcb955fcbc,0.0006354922416988826
cdbe981905693ee8fbe038ac53317208,0.0010061960493565642
cdd5db8343f61a280f280e39c9aabe73,0.00021183074723296087
cde20a2db44cd1f8cc08291089efe20c,0.0005295768680824022
cde7fbbd7d76fb43e8502c3634d121d1,0.0013239421702060054
ce096d232d18bf3041fd592d6cc9a367,0.0008473229889318435
ce34090b3e943ddda85bf12365603f5a,0.0012709844833977651
ce610a984a2c85274dc085602bb29239,0.0008473229889318435
ce75263b453fdf63db3fe8dbad607605,0.0012709844833977651
ce79352ae6b640b996e60365afe52037,0.00042366149446592175
ce93197ae864be160cdc7f817406d84c,0.0004766191812741619
ce959f622671394b9ee0f7b867d8f441,0.0015357729174389663
ced2f293bb0b11f775c519de97003f4e,0.0023830959063708096
cedb918c1a6664447a73ba77c52e5be4,0.0004766191812741619
cef95cfd63351121b0fe8ff355bae1c2,5.295768680824022e-05
cefd6754ce922957a0ce160baf12847f,0.0006354922416988826
cf0687217474df4261d6f6f692a607a9,0.00010591537361648044
cf3b0e486ae8b9c35f7280088dd30697,0.0005825345548906423
cf4d9874738d8d533bc02dec3373fd6d,0.000741407615315363
cf51c9fac97d46221d1f5ab8a7930d76,0.0003707038076576815
cf84a92371e2caef7f80bc8eec3c9167,5.295768680824022e-05
cfb2ece24a25c06f7d4be263c865cd12,0.0016416882910554468
cfc98cc3197d8b607cfeee3bd6efd365,5.295768680824022e-05
cfea100050b45ffa1397452fe236fbbb,0.0013239421702060054
d01fba9d588deffc2b4da0f3d2cec363,0.00015887306042472064
d041f350d1d295c0a7707d496c86e5c0,0.0002647884340412011
d05a5887c040a1072196bfa83575a15e,0.001218026796589525
d0ae9354d0541144fb8da31c540e3663,0.0003177461208494413
d1779e9f0c9d5931cb4954046a521aa1,0.0010591537361648044
d24a1afcea9abbe1c446c3cce1bca56f,0.000741407615315363
d283efe73199a27247cf169f1f0e5d5c,0.00015887306042472064
d283fb60cf0e0d0d86a5192fe716ed5c,0.0006884499285071228
d289a319aac6a95a5c20d868e681a7de,0.00010591537361648044
d2a8f2c703e6115cd571734f945af326,5.295768680824022e-05
d2b69122a921fcbf8758fcdd2885053e,0.0010591537361648044
d2e274d1558202921a87fac8424a4f92,0.0014298575438224858
d2ff7381fe6040044e1f67b9becf4774,5.295768680824022e-05
d31a53b9beee5db9ed3cc76cceb1ad3a,0.0015887306042472065
d35a8d0fb9c73918d3d07b8f161f0894,0.0002647884340412011
d39003bad3b3801b6b35fbbd6b4fa542,0.00021183074723296087
d39c4dbb708407d38846165dcae53b5f,5.295768680824022e-05
d4116044f31a07d59db8108270cb4ba7,0.003707038076576815
d424847a991d07768f69c4513bd38bda,0.0003707038076576815
d43ab4e2f0a77e2fccce44fcfc27464d,0.0006354922416988826
d478481ce2617e131943fb45cb4189e5,0.0002647884340412011
d4b898b9c642d2b0eaa3dcfdd236a768,0.0020653497855213686
d4e9627bbfea2264a4a03850cbb16191,5.295768680824022e-05
d535caf47ab6d1bc9ecc84fd29e2b4da,0.0013239421702060054
d5479510f00f6d02c3e06c81af27f894,0.000741407615315363
d59ea5d7bbe1529119927710664c1b3b,0.00042366149446592175
d5beeb6c2f097590f80d96c1535a1b5f,0.00248901127998729
d5ea5da6e2b4f0c770884b3357ab5798,0.00042366149446592175
d5f9a63a9b78d349e465f0c3f40c1b5f,0.00015887306042472064
d6119d3a92c39b75b1578a7800210e57,0.00248901127998729
d65953a92d847dfc6c53f2d2888956e8,0.0009532383625483239
d6698379f7567ac3525f09b9f71069de,0.0013768998570142456
d66c2d06986283992f1b1b2f96477018,0.00015887306042472064
d6c9eaa35314a4ff3148ecedf065deb8,0.00010591537361648044
d734d3356001bfd04743ad0d83de0cc3,5.295768680824022e-05
d7a8c4485ead45c8a9d86d8bd02a7115,0.00021183074723296087
d7beb9abb14f3c162a1fa1f5b18494f3,0.00015887306042472064
d7c015e31d6bb1cd8b9fccca198df41b,0.002224222845946089
d7f7459502511b529aa9d334e559b850,0.0006354922416988826
d825c91de0a7b7a8dae2a12050dfe66f,0.002118307472329609
d84f673059cd1b73445eee8f9a0880bc,5.295768680824022e-05
d910d4e9130f0b3718dd26663cd11d1b,0.0021712651591378486
d9536c03dbbef9e0011d17bb2db52751,0.0005825345548906423
d9a4c2e82fe85d3cef6e94293da736bb,0.0013768998570142456
d9afe30a590a3134ea684e84c0c4f4ef,0.0004766191812741619
d9d7c4ff32e0262753ab07fec330bb34,0.002277180532754329
d9f958de3e0aa3dc0ba521bd26670e94,0.0009532383625483239
da51e78543ca6eadfb78fe480298baac,0.0009532383625483239
da8197f79a2b53092a8ba5c2fd558469,0.0008473229889318435
da81c8503965d0ee630df53a25e22bf8,0.00010591537361648044
da94b7c2f9bebb547de3bc6f40b19970,0.0007943653021236033
dae99fa45991d7bae82458a7212eefb5,0.0002647884340412011
db5a9bb17dc129cfe305d8d11180ea20,0.0016416882910554468
db9cffc11c5d71f04f0ea64edf535715,5.295768680824022e-05
dbd55a30011e8e4b5793fa9d58d56bd6,5.295768680824022e-05
dc530d22ed23126498ab1a5fbc7e2575,0.001482815230630726
dc6a106561dfff6ef111641a1cd03445,0.00015887306042472064
dccd7eca58b9d48412bd689dc471012e,0.0010061960493565642
dd022910a22c505aca7aa03cef518bfe,0.0002647884340412011
dd9d3ea458c4c8a2dc6725ae56c607ef,0.00021183074723296087
ddc1ef26b58a8449f3294ceee037f1c2,0.0004766191812741619
ddf066f2668ed2e2fca0fd870c341768,0.0011121114229730444
de48a550d7711eb3e1886f75cf602fd8,0.0009532383625483239
de8ef370cb5266dee481c1829e16fa3d,0.00015887306042472064
deb127cb3ce7b99de9a78b6a72fde570,0.0002647884340412011
deda7cbe11ba6d51537994db1a8ed6c8,5.295768680824022e-05
def2ed30129892af0b6892c7d5c10f98,5.295768680824022e-05
df8e8cf23a2cb6fa9cdffa19bf59d276,5.295768680824022e-05
e08c4bad692da4221125137bd2b840d4,0.0003177461208494413
e0b8fd9366f762503723c287fa9b0cbb,0.0011121114229730444
e0ce8665dfc11ee255c86d0b070c1859,0.00010591537361648044
e1444010a1e1790026739b13f2741a8b,0.001694645977863687
e14c651905d8f6f5b66cfe80d74a284b,0.0002647884340412011
e14d352335157c5cbd012b9cb0c82de2,0.0004766191812741619
e1a76baebdfb86607e25e7cf712d4c70,0.00021183074723296087
e1eb4ff3a4522307b22562bf224073d3,0.0009002806757400836
e2254a710cc10b89721fe4e882ffb206,0.0003177461208494413
e23410e80184628373122b1093382f48,0.0005825345548906423
e26a8340d7e97ff5e87aa9c75f53b161,0.00010591537361648044
e2bc5b815a8e379de124772564881f44,0.0008473229889318435
e2e6112fc9a951fd0162ef8ccc396eea,0.0010591537361648044
e38b582ac1932c3d83df7ce992f6ebad,0.0008473229889318435
e3bd5e4841378ed6d37b1f6a408e8a71,0.0016416882910554468
e443ef4b5176ddd3ac87a692203613c1,0.0028067574008367314
e47787be3b8f4de4670abb08ee17a7a1,0.0014298575438224858
e486fa661498e93cdd30173bf7017227,5.295768680824022e-05
e49b98e0c26e534028066bf8042f5b44,5.295768680824022e-05
e4bc26ce863ec8706b517e5207fa444e,0.0028597150876449717
e4d60fac3cca1c3a1fadf5b3d710976e,0.0012709844833977651
e4fde1c48ff2687dd55ed3dd2c94946e,0.00015887306042472064
e50371e8ce2ca374d8493b4643aa5a99,5.295768680824022e-05
e50b230cd6eda04505c2cbb950ba2331,0.0011121114229730444
e58ce4e584ccc6395d6252f02958efce,5.295768680824022e-05
e6205eeb70452324a761961912d20d8f,0.0009532383625483239
e680d601afaacf1d21246faab389a566,5.295768680824022e-05
e6da01befa367a5bba5e5d71427e4f73,5.295768680824022e-05
e6eb671d65ba79404517a2f6e6b46f6f,0.0030715458348779326
e6f0c5bb2e6aa665d14e8824547af364,0.00015887306042472064
e6fca608c23c46d70382a399583dd92f,0.0004766191812741619
e71cfdbfa2f296b2361fa70451f4e895,5.295768680824022e-05
e748ea22c24b7e17b2b5153f498fe599,0.00021183074723296087
e76dd697f3c8b4d320224d662deb1ec7,0.00015887306042472064
e80b9bbf20f427662258566aed6ae01e,0.0010061960493565642
e81487bb9d8033351535bf972d4bc0ba,0.0011121114229730444
e81a1e9888fb4bb7b61306a885dcc2f4,0.0011121114229730444
e83f32f40545ad2f6b37a24db149d507,0.0007943653021236033
e84eaa55c8516c364c7afd2416e495ca,5.295768680824022e-05
e8bb1827377277fbdf7e26b7f3523e05,5.295768680824022e-05
e8cbb68e0d0059f41126b7ef5b557330,0.000741407615315363
e8e44ceff7a058001c2951f5d51f2f1f,0.0003177461208494413
e90fafbed592ed9abf03fc6f46e2775a,0.0015887306042472065
e94444695438af341b4b93a95cdb3bea,0.0015887306042472065
e9cd858c3223815505b39c9a50fcb86a,5.295768680824022e-05
e9cf432105fc0d3a1d9779a67cd93af8,0.0013239421702060054
ead67baeabebfd2b08941ce5cba5befb,0.00015887306042472064
eada26274b3c1f52d8ed277e91064346,0.0020123920987131284
eb050f743e433b812be0932cd946b5ec,0.004448445691892178
eb3a6217d7eb7ad460490be1a21dc22c,0.004236614944659218
eb60b4671529c600ba224018ee3ba6d5,0.00015887306042472064
ec292df2808eca8c361a69e6f4c5d2b3,0.00042366149446592175
ec73ba92b2d2181a38b2bdaae482828e,0.0008473229889318435
ec9ad85cc11a1e6276435c9ee942659d,5.295768680824022e-05
ecc707b9c22a06f4a45cad8b04be2b94,0.0010061960493565642
ecce1003ca706c7b3d893112cb7ccc75,0.001482815230630726
ed5f378e73c33feafcc4b85136f1987c,0.0002647884340412011
ed609fda9dcdc9ee6482794b3f5a8e13,0.0009002806757400836
ed66f3d488fe179aa4818ef190ddf3a8,0.0011121114229730444
ed980cb58874567bd10124ddd53fd205,0.00010591537361648044
edd10c27d06c4967ba7f608bcd589efc,0.0013239421702060054
edfbce3a4dee8be29cb15c78d0f5dd44,0.00042366149446592175
ee0e9453d9ada58d1c94b61ccfcf4cca,0.002118307472329609
ee26781226e6388c6f467b20dc3d5df3,0.003389291955727374
ee2e5aa719dc64e6ac757c262d8ada4b,0.0004766191812741619
ee3494afb68db21cdaa874c2b141d255,0.0003177461208494413
ee98bfe23cca4dd00dbb6a891b44ec16,0.0003177461208494413
eea9f4fbe8b29bfdbabb4179c13fb4d7,0.0018005613514801672
eebbd1149a8e5b822ff1d344da39458e,0.00015887306042472064
eec94066081f4bf4ea0486c93d60bdd3,0.0017476036646719272
eef9a9d4dbc76503dffb129462c72648,0.0002647884340412011
ef178b480f9711f13c0d6fce206a6f62,0.0005825345548906423
ef732835e31b60e95a4271d905f1bfe7,0.00042366149446592175
f042905406e5dfbcf45258f0ef265fee,0.0009532383625483239
f04e2e56538ff7e8b08503a6576970ea,0.0003707038076576815
f0b5f68aa83d5bd816a9ef5fc2fefbcd,0.004660276439125139
f0c69e784b83368928edb2d6d6879a45,5.295768680824022e-05
f108f72138304b0525e13f187e65140f,0.00248901127998729
f1394399bb07c00dc7083894a3de89f7,5.295768680824022e-05
f199e9a1e4bba6f2883962b49bbbacec,0.0007943653021236033
f1a9f00004e46a00dae7973712e6726c,0.0003177461208494413
f1bfa489d4132108707955f33628cc18,0.000741407615315363
f2456f19c8dbb428facf1e221c08183b,0.0007943653021236033
f26846d3f785eb239d1d5eac17a152c2,0.00015887306042472064
f2fe170fb07da2027329b592a7aa4c0d,0.0020123920987131284
f32fb02740efad5bc383f83829112a0b,0.00021183074723296087
f388122890b49d90ab28fafb80db78c3,5.295768680824022e-05
f389405a46c80e5e70095d3772ca21a7,0.00010591537361648044
f3b9fe872cb282e34c6ba187b5bb30fd,0.00015887306042472064
f41aee3c82cab6ea710b456c6f5ab0d2,0.0008473229889318435
f428de7fad828ba5d2162a19d7b6eb5f,0.0003177461208494413
f43aa39cc13cb95f4e3e57e36582f6b3,0.0008473229889318435
f495b33b288519827620f2ba7e56feb6,5.295768680824022e-05
f49e47200d7c545f1c77f6529442b333,0.0009002806757400836
f4ac26422bf60097511dd5c80eb3a789,0.00042366149446592175
f4d6eeb3479ac51ed95d8046903f3948,0.0032833765821108935
f4eb49e173e3ac607a0377afa9edbf30,0.0006354922416988826
f5131f9a91f74c1754a5a40ee5949711,0.0003177461208494413
f54a26beaf1a3987c4cc685b1c0233a2,5.295768680824022e-05
f5c6011e728e3ce61e227f0d8010769b,0.0011121114229730444
f6db4eee5fda038365dba330c911d1cc,0.001694645977863687
f70083702ec242cb4afe59c9ac22ebb9,0.0009532383625483239
f7014b57cbb118c5c987bfa676d6d368,0.0005295768680824022
f711a2a95827f0c7ac5d319f75ed6555,0.00010591537361648044
f71388ad3523c8b6bca96e2dceabe7ed,0.0003707038076576815
f72d1ec1c3cbefb3ee9836273d594449,0.00015887306042472064
f746f21db7630b028f1deaf448e47f75,0.0008473229889318435
f750b6815fe537b042c9a4f6943bc3ef,5.295768680824022e-05
f78828cc088c5d7a69ed8a402f75e814,5.295768680824022e-05
f79c996266bbcfcbfa05a6c792b9a8ac,5.295768680824022e-05
f7f60838727fa162d52cc6f607c35738,0.0007943653021236033
f7fa7bad1dc66cc870e1c96e71f7c3e2,0.0004766191812741619
f86920d0f2e16e9b3825f2779b52e7e5,0.0021712651591378486
f8fcf8498793742efe6b7a741cdf20d9,5.295768680824022e-05
f90126efcff634b6ea7f429cb5d1f3dd,0.00010591537361648044
f91149d3e6ac2269be0b096258b5ac4e,0.0018005613514801672
f9208bba7d7e7d43a412a7f720afae64,0.0003177461208494413
f9315e7d06bca5b28f4683174e1a49cf,5.295768680824022e-05
f945bb493ec84766b10b5d3aa15928ac,0.0010591537361648044
f988e2c02a4a1f776bded5e8f857f11e,5.295768680824022e-05
f9aa4dae1371c289a1490859b6951ab2,0.0008473229889318435
f9b87007b0659623ed3f4acaad079614,0.0010061960493565642
f9c518b40c35f3eb6929771ca28041f8,0.0008473229889318435
f9fd9642b3c97f3541d67463ee44205d,0.0003707038076576815
fad21dfce5a5fb476b4407c46b633756,0.00021183074723296087
faf7578b3aeb2cf43d72474b1558321e,0.0006354922416988826
fb0a083a8bf5010a0bc1864bcf60e94d,0.0011121114229730444
fb5e2c6d037f49d7cf9c02b9222b53d9,0.0009002806757400836
fbe4c92ce2bf4faf7efc8a4c4cd56f45,0.0017476036646719272
fc3594e7079fc942ea6666963d4a032a,0.0003177461208494413
fc841919735eaa29276ee6125bcda6c1,0.0013768998570142456
fd15fe4afccc8be95d59baa4242d1540,0.0025419689667955303
fd67810b7991df62c45689b49e7bb746,0.0038659111370015356
fda0ff3005de15cae349129eb6fa2555,0.0011121114229730444
fdb37f57cd45d2b03e15d6ec9757d793,0.00010591537361648044
fdbf64a174d10f07a8a520e552098203,0.002118307472329609
fe00a06ee625a2415af21cb31e6f7d7f,0.004607318752316899
fe1004c083bab8188487831be84d5e1a,0.0006884499285071228
fe347d5a886d554da0206fcecd6fe446,0.00015887306042472064
fe4684114f1685314c6954604e3762cf,0.0013768998570142456
fe9020a04d6cee175166f01aa79fe3f5,0.0013768998570142456
febdecda69cb12c20b05514f9f8eefa6,0.0015887306042472065
fed86152b584e9bbe0af8a126ed3f157,0.00010591537361648044
ffa9c34fb9fef2d74718635d7606a6d5,0.0006884499285071228
ffb002e034d41197217e76685c094a0d,0.0030185881480696924
ffcf5e0bcf79b7e4a73f22178ad0c0e9,0.00015887306042472064
